id	group	view_or_surface	scenario	raw_source	review_asset	status	release_surface	notes
readme-home	README	Home dashboard	ScreenshotHomeScenario	Docs/Screenshots/README/home_dashboard_light.png	Docs/Screenshots/README/cropped/home_dashboard_light.png	captured, quality review pending	README	Rendered as README documentation preview; release-approved and App Store use still require visual QA.
readme-sleep-start	README	Sleep start	ScreenshotSleepStartScenario	Docs/Screenshots/README/sleep_start_light.png	Docs/Screenshots/README/cropped/sleep_start_light.png	captured, quality review pending	README	Rendered as README documentation preview; release-approved and App Store use still require visual QA.
readme-sleep-report	README	Sleep report	ScreenshotSleepReportScenario	Docs/Screenshots/README/sleep_report_light.png	Docs/Screenshots/README/cropped/sleep_report_light.png	captured, quality review pending	README	Rendered as README documentation preview; release-approved and App Store use still require visual QA.
readme-timeline	README	Event timeline	ScreenshotTimelineScenario	Docs/Screenshots/README/sleep_timeline_light.png	Docs/Screenshots/README/cropped/sleep_timeline_light.png	captured, quality review pending	README	Rendered as README documentation preview; release-approved and App Store use still require visual QA.
readme-morning	README	Morning brief	ScreenshotMorningBriefScenario	Docs/Screenshots/README/morning_brief_light.png	Docs/Screenshots/README/cropped/morning_brief_light.png	captured, quality review pending	README	Rendered as README documentation preview; release-approved and App Store use still require visual QA.
readme-rhythm	README	Daily rhythm report	ScreenshotDailyRhythmScenario	Docs/Screenshots/README/daily_rhythm_report_light.png	Docs/Screenshots/README/cropped/daily_rhythm_report_light.png	captured, quality review pending	README	Rendered as README documentation preview; release-approved and App Store use still require visual QA.
readme-card	README	Daily health card	ScreenshotDailyHealthCardScenario	Docs/Screenshots/README/daily_health_card_light.png	Docs/Screenshots/README/cropped/daily_health_card_light.png	captured, quality review pending	README	Rendered as README documentation preview; release-approved and App Store use still require visual QA.
readme-health	README	Health dashboard	ScreenshotHealthDashboardScenario	Docs/Screenshots/README/health_dashboard_light.png	Docs/Screenshots/README/cropped/health_dashboard_light.png	captured, quality review pending	README	Rendered as README documentation preview; release-approved and App Store use still require visual QA.
appstore-home	App Store	Home dashboard	ScreenshotHomeScenario	Docs/Screenshots/AppStore/raw/01_home_dashboard_light.png	Docs/Screenshots/AppStore/review-cropped/01_home_dashboard_light.png	release-approved	App Store	approved: 2026-05-09 Codex simulator visual QA; checklist: copy public, crop checked, privacy no personal data/no server/HealthKit write implication, export 88 PNGs dimension-checked via app_store_export_visual_review.tsv; 실기기 QA excluded by request.
appstore-sleep-report	App Store	Sleep report	ScreenshotSleepReportScenario	Docs/Screenshots/AppStore/raw/02_sleep_report_light.png	Docs/Screenshots/AppStore/review-cropped/02_sleep_report_light.png	release-approved	App Store	approved: 2026-05-09 Codex simulator visual QA; checklist: copy public, crop checked, privacy no personal data/no server/HealthKit write implication, export 88 PNGs dimension-checked via app_store_export_visual_review.tsv; 실기기 QA excluded by request.
appstore-timeline	App Store	Event timeline	ScreenshotTimelineScenario	Docs/Screenshots/AppStore/raw/03_sleep_timeline_light.png	Docs/Screenshots/AppStore/review-cropped/03_sleep_timeline_light.png	release-approved	App Store	approved: 2026-05-09 Codex simulator visual QA; checklist: copy public, crop checked, privacy no personal data/no server/HealthKit write implication, export 88 PNGs dimension-checked via app_store_export_visual_review.tsv; 실기기 QA excluded by request.
appstore-rhythm	App Store	Daily rhythm report	ScreenshotDailyRhythmScenario	Docs/Screenshots/AppStore/raw/04_daily_rhythm_report_light.png	Docs/Screenshots/AppStore/review-cropped/04_daily_rhythm_report_light.png	release-approved	App Store	approved: 2026-05-09 Codex simulator visual QA; checklist: copy public, crop checked, privacy no personal data/no server/HealthKit write implication, export 88 PNGs dimension-checked via app_store_export_visual_review.tsv; 실기기 QA excluded by request.
appstore-card	App Store	Daily health card	ScreenshotDailyHealthCardScenario	Docs/Screenshots/AppStore/raw/05_daily_health_card_light.png	Docs/Screenshots/AppStore/review-cropped/05_daily_health_card_light.png	release-approved	App Store	approved: 2026-05-09 Codex simulator visual QA; checklist: copy public, crop checked, privacy minimal card/no personal data/no server/HealthKit write implication, export 88 PNGs dimension-checked via app_store_export_visual_review.tsv; 실기기 QA excluded by request.
appstore-health	App Store	Health metrics overview	ScreenshotHealthMetricsOverviewScenario	Docs/Screenshots/AppStore/raw/06_health_metrics_overview_light.png	Docs/Screenshots/AppStore/review-cropped/06_health_metrics_overview_light.png	release-approved	App Store	approved: 2026-05-09 Codex simulator visual QA; checklist: copy public, crop checked, privacy no personal data/no server/HealthKit write implication, export 88 PNGs dimension-checked via app_store_export_visual_review.tsv; 실기기 QA excluded by request.
appstore-privacy	App Store	Privacy settings	ScreenshotPrivacyScenario	Docs/Screenshots/AppStore/raw/07_privacy_settings_light.png	Docs/Screenshots/AppStore/review-cropped/07_privacy_settings_light.png	release-approved	App Store	approved: 2026-05-09 Codex simulator visual QA; checklist: copy public, crop checked, privacy policy visible/no personal data/no server/HealthKit write implication, export 88 PNGs dimension-checked via app_store_export_visual_review.tsv; 실기기 QA excluded by request.
appstore-zero-event	App Store	Zero-event report	ScreenshotZeroEventScenario	Docs/Screenshots/AppStore/raw/08_zero_event_report_light.png	Docs/Screenshots/AppStore/review-cropped/08_zero_event_report_light.png	release-approved	App Store	approved: 2026-05-09 Codex simulator visual QA; checklist: copy public, crop checked, privacy no personal data/no server/HealthKit write implication, export 88 PNGs dimension-checked via app_store_export_visual_review.tsv; 실기기 QA excluded by request.
health-overview	Health	Health metrics overview	ScreenshotHealthMetricsOverviewScenario	Docs/Screenshots/Health/health_metrics_overview_light.png	Docs/Screenshots/Health/cropped/health_metrics_overview_light.png	release-approved	UI Gallery	approved: 2026-05-09 Codex Health/Fitdays contact sheet visual QA; checklist: crop readable, chart/source labels readable, privacy no personal data/no local path/no diagnosis copy; UI Gallery only, not README/App Store.
health-fitdays	Health	Fitdays import	ScreenshotFitdaysImportScenario	Docs/Screenshots/Health/fitdays_import_light.png	Docs/Screenshots/Health/cropped/fitdays_import_light.png	release-approved	UI Gallery	approved: 2026-05-09 Codex Health/Fitdays contact sheet visual QA; checklist: crop readable, local import copy public, privacy no personal data/no local path/no server/API implication; UI Gallery only, not README/App Store.
health-fitdays-result	Health	Fitdays import result	ScreenshotFitdaysImportResultScenario	Docs/Screenshots/Health/fitdays_import_result_light.png	Docs/Screenshots/Health/cropped/fitdays_import_result_light.png	release-approved	UI Gallery	approved: 2026-05-09 Codex Health/Fitdays result recapture visual QA; checklist: crop readable, local import result copy public, privacy no fixture filename/no local path/no personal data/no server/API implication; UI Gallery only, not README/App Store.
health-fitdays-error	Health	Fitdays import error	ScreenshotImportErrorScenario	Docs/Screenshots/Health/fitdays_import_error_light.png	Docs/Screenshots/Health/cropped/fitdays_import_error_light.png	release-approved	UI Gallery	approved: 2026-05-09 Codex Health/Fitdays contact sheet visual QA; checklist: crop readable, error copy user-facing, privacy no personal data/no local path/no server/API implication; UI Gallery only, not README/App Store.
health-calendar	Health	Health calendar	ScreenshotHealthCalendarScenario	Docs/Screenshots/Health/health_calendar_light.png	Docs/Screenshots/Health/cropped/health_calendar_light.png	release-approved	UI Gallery	approved: 2026-05-09 Codex Health/Fitdays contact sheet visual QA; checklist: crop readable, calendar dots/selected panel readable, privacy no personal data/no diagnosis copy; UI Gallery only, not README/App Store.
health-daily-detail	Health	Daily measurement detail	ScreenshotDailyMeasurementDetailScenario	Docs/Screenshots/Health/daily_measurement_detail_light.png	Docs/Screenshots/Health/cropped/daily_measurement_detail_light.png	release-approved	UI Gallery	approved: 2026-05-09 Codex Health/Fitdays contact sheet visual QA; checklist: crop readable, source badges readable, privacy no personal data/no diagnosis copy; UI Gallery only, not README/App Store.
health-metric-body-water	Health	Metric detail body water	ScreenshotMetricDetailScenario	Docs/Screenshots/Health/metric_detail_body_water_light.png	Docs/Screenshots/Health/cropped/metric_detail_body_water_light.png	release-approved	UI Gallery	approved: 2026-05-09 Codex Health/Fitdays contact sheet visual QA; checklist: crop readable, chart/source filter readable, privacy local-only context clear/no diagnosis copy; UI Gallery only, not README/App Store.
health-metric-basal	Health	Metric detail basal metabolic rate	ScreenshotLocalOnlyMetricScenario	Docs/Screenshots/Health/metric_detail_basal_metabolic_rate_light.png	Docs/Screenshots/Health/cropped/metric_detail_basal_metabolic_rate_light.png	release-approved	UI Gallery	approved: 2026-05-09 Codex Health/Fitdays contact sheet visual QA; checklist: crop readable, local-only badge readable, privacy no HealthKit write/server/API implication; UI Gallery only, not README/App Store.
health-blood-pressure	Health	Blood pressure dashboard	ScreenshotBloodPressureDashboardScenario	Docs/Screenshots/Health/blood_pressure_dashboard_light.png	Docs/Screenshots/Health/cropped/blood_pressure_dashboard_light.png	release-approved	UI Gallery	approved: 2026-05-09 Codex Health/Fitdays contact sheet visual QA; checklist: crop readable, trend chart readable, privacy no personal data/no diagnosis copy; UI Gallery only, not README/App Store.
health-body-composition	Health	Body composition dashboard	ScreenshotBodyCompositionDashboardScenario	Docs/Screenshots/Health/body_composition_dashboard_light.png	Docs/Screenshots/Health/cropped/body_composition_dashboard_light.png	release-approved	UI Gallery	approved: 2026-05-09 Codex Health/Fitdays contact sheet visual QA; checklist: crop readable, sensitive values framed as reference, privacy no personal data/no diagnosis copy; UI Gallery only, not README/App Store.
health-cross-metric	Health	Cross metric dashboard	ScreenshotCrossMetricDashboardScenario	Docs/Screenshots/Health/cross_metric_dashboard_light.png	Docs/Screenshots/Health/cropped/cross_metric_dashboard_light.png	release-approved	UI Gallery	approved: 2026-05-09 Codex Health/Fitdays contact sheet visual QA; checklist: crop readable, causality boundary visible, privacy no personal data/no diagnosis copy; UI Gallery only, not README/App Store.
sleep-recording	Sleep	Sleep recording	ScreenshotRecordingScenario	Docs/Screenshots/Sleep/sleep_recording_light.png	Docs/Screenshots/Sleep/cropped/sleep_recording_light.png	release-approved	UI Gallery	approved: 2026-05-09 Codex sleep-recording recapture visual QA; checklist: active recording state, realistic 2h18m duration, no internal screenshot label, crop readable, no personal data/no full-night audio storage implication; UI Gallery only, not README/App Store.
edge-zero-event	EdgeStates	Zero-event report	ScreenshotZeroEventScenario	Docs/Screenshots/EdgeStates/zero_event_report_light.png	Docs/Screenshots/EdgeStates/cropped/zero_event_report_light.png	release-approved	UI Gallery	approved: 2026-05-09 Codex Edge/Privacy contact sheet visual QA; checklist: crop readable, zero-event copy non-diagnostic, privacy no personal data/no saved audio file name; UI Gallery only, not README/App Store.
edge-low-coverage	EdgeStates	Low audio coverage	ScreenshotLowCoverageScenario	Docs/Screenshots/EdgeStates/low_coverage_report_light.png	Docs/Screenshots/EdgeStates/cropped/low_coverage_report_light.png	release-approved	UI Gallery	approved: 2026-05-09 Codex Edge/Privacy contact sheet visual QA; checklist: crop readable, low coverage framed as measurement quality, privacy no personal data/no diagnosis copy; UI Gallery only, not README/App Store.
edge-event-audio-off	EdgeStates	Event audio storage off	ScreenshotEventAudioStorageOffScenario	Docs/Screenshots/EdgeStates/event_audio_storage_off_light.png	Docs/Screenshots/EdgeStates/cropped/event_audio_storage_off_light.png	release-approved	UI Gallery	approved: 2026-05-09 Codex Edge/Privacy contact sheet visual QA; checklist: crop readable, OFF state visible, opt-in/local deletion copy visible, no full-night audio storage implication; UI Gallery only, not README/App Store.
edge-health-permission-empty	EdgeStates	Health permission empty	ScreenshotHealthPermissionEmptyScenario	Docs/Screenshots/EdgeStates/health_permission_empty_light.png	Docs/Screenshots/EdgeStates/cropped/health_permission_empty_light.png	release-approved	UI Gallery	approved: 2026-05-09 Codex Edge/Privacy contact sheet visual QA; checklist: crop readable, HealthKit read-only/no permission state clear, local import fallback visible; UI Gallery only, not README/App Store.
edge-metric-detail-empty	EdgeStates	Metric detail empty	ScreenshotMetricDetailEmptyScenario	Docs/Screenshots/EdgeStates/metric_detail_empty_light.png	Docs/Screenshots/EdgeStates/cropped/metric_detail_empty_light.png	release-approved	UI Gallery	approved: 2026-05-09 Codex Edge/Privacy contact sheet visual QA; checklist: crop readable, empty metric state clear, no diagnosis/causality copy; UI Gallery only, not README/App Store.
edge-cross-metric-insufficient	EdgeStates	Cross metric insufficient	ScreenshotCrossMetricInsufficientScenario	Docs/Screenshots/EdgeStates/cross_metric_insufficient_light.png	Docs/Screenshots/EdgeStates/cropped/cross_metric_insufficient_light.png	release-approved	UI Gallery	approved: 2026-05-09 Codex Edge/Privacy contact sheet visual QA; checklist: crop readable, insufficient data state clear, no causality implication; UI Gallery only, not README/App Store.
privacy-settings	Privacy	Privacy settings	ScreenshotPrivacyScenario	Docs/Screenshots/Privacy/privacy_settings_light.png	Docs/Screenshots/Privacy/cropped/privacy_settings_light.png	release-approved	UI Gallery	approved: 2026-05-09 Codex Edge/Privacy contact sheet visual QA; checklist: crop readable, no-server/no-account/no-SDK/no-full-audio copy visible, no personal data; UI Gallery only, not README/App Store.
privacy-onboarding	Privacy	Onboarding	ScreenshotOnboardingScenario	Docs/Screenshots/Privacy/onboarding_light.png	Docs/Screenshots/Privacy/cropped/onboarding_light.png	release-approved	UI Gallery	approved: 2026-05-09 Codex Edge/Privacy contact sheet visual QA; checklist: crop readable, first-run privacy and non-diagnostic context visible, CTA not materially cut; UI Gallery only, not README/App Store.
privacy-device-placement	Privacy	Device placement guide	ScreenshotDevicePlacementScenario	Docs/Screenshots/Privacy/device_placement_guide_light.png	Docs/Screenshots/Privacy/cropped/device_placement_guide_light.png	release-approved	UI Gallery	approved: 2026-05-09 Codex Edge/Privacy contact sheet visual QA; checklist: crop readable, placement/charging/mic guidance visible, no private data; UI Gallery only, not README/App Store.
privacy-calibration	Privacy	Calibration	ScreenshotCalibrationScenario	Docs/Screenshots/Privacy/calibration_light.png	Docs/Screenshots/Privacy/cropped/calibration_light.png	release-approved	UI Gallery	approved: 2026-05-09 Codex Edge/Privacy contact sheet visual QA; checklist: crop readable, input/progress/CTA visible, no personal audio data; UI Gallery only, not README/App Store.
debug-audio	Debug	Audio debug	ScreenshotAudioDebugScenario	Docs/Screenshots/Debug/audio_debug_light.png	Docs/Screenshots/Debug/cropped/audio_debug_light.png	internal-only, quality review pending	DEBUG only	Do not render in README or App Store material.
debug-sample	Debug	Sample capture	ScreenshotSampleCaptureScenario	Docs/Screenshots/Debug/sample_capture_light.png	Docs/Screenshots/Debug/cropped/sample_capture_light.png	internal-only, quality review pending	DEBUG only	Do not render in README or App Store material.
debug-replay	Debug	Dataset replay	ScreenshotDatasetReplayScenario	Docs/Screenshots/Debug/dataset_replay_light.png	Docs/Screenshots/Debug/cropped/dataset_replay_light.png	internal-only, quality review pending	DEBUG only	Do not render in README or App Store material.
debug-detector	Debug	Detector tuning	ScreenshotDebugScenario	Docs/Screenshots/Debug/detector_tuning_light.png	Docs/Screenshots/Debug/cropped/detector_tuning_light.png	internal-only, quality review pending	DEBUG only	Do not render in README or App Store material.
detail-trend	Home	Trend dashboard	ScreenshotTrendDashboardScenario	Docs/Screenshots/Home/trend-dashboard.png	Docs/Screenshots/Home/cropped/trend-dashboard.png	captured, quality review pending	UI Gallery	Simulator recaptured; contact sheet approval required before rendering.
detail-morning-checkin	Sleep	Morning check-in	ScreenshotMorningCheckInScenario	Docs/Screenshots/Sleep/morning-check-in.png	Docs/Screenshots/Sleep/cropped/morning-check-in.png	captured, quality review pending	UI Gallery	Simulator recaptured; contact sheet approval required before rendering.
detail-evening-checkin	Daily Rhythm	Evening check-in	ScreenshotEveningCheckInScenario	Docs/Screenshots/DailyRhythm/evening-check-in.png	Docs/Screenshots/DailyRhythm/cropped/evening-check-in.png	captured, quality review pending	UI Gallery	Simulator recaptured; contact sheet approval required before rendering.
detail-card-export	Daily Rhythm	Daily Health Card export preview	ScreenshotDailyHealthCardExportScenario	Docs/Screenshots/DailyRhythm/daily-health-card-export-preview.png	Docs/Screenshots/DailyRhythm/cropped/daily-health-card-export-preview.png	captured, quality review pending	UI Gallery	Simulator recaptured; contact sheet approval required before rendering.
detail-report-empty	EdgeStates	Report empty state	ScreenshotReportEmptyScenario	Docs/Screenshots/EdgeStates/report-empty.png	Docs/Screenshots/EdgeStates/cropped/report-empty.png	release-approved	UI Gallery	approved: 2026-05-09 Codex Edge/Privacy contact sheet visual QA; checklist: crop readable, empty report start flow and privacy copy visible, no personal data; UI Gallery only, not README/App Store.
debug-simulator	Debug	Simulator scenario view	ScreenshotSimulatorScenario	Docs/Screenshots/Debug/simulator-scenario.png	Docs/Screenshots/Debug/cropped/simulator-scenario.png	internal-only, quality review pending	DEBUG only	Simulator recaptured; do not render in README or App Store material.
